name,isToken,image,star,cost,isGold,attack,health,keyWords,longKeyWords,type,cardType,tag,SkillDescription,dcription,counters
名称0,是否为token1,卡图2,星级3,打出费用4,是否是金卡5,攻击力6,生命值7,关键字8,带描述的关键字9,种族10,卡牌类型11,流派标签12,技能描述(替换自动生成的描述)13,背景描述14,计数器
空随从,1,,0,0,0,0,0,,,,随从,,该随从用于代码实现中占位，请勿修改,,0;1;2
鱼人招潮者,0,card1,1,0,0,1,2,,WhenMinionSummon:Plus1AttackWhenSummonAllyOr2;,鱼人,随从,2;特殊;鱼人,,,
鱼人领军,0,card2,2,0,0,3,3,,Aura:PlusAlly2AttackOr4;,鱼人,随从,4;鱼人流;鱼人,,,
爆爆机器人,0,card3,2,0,0,2,2,,Deathrattle:Deal4DamageToRandomEnemyMinionOrDoubleThis;,机械,随从,2;机械;亡语,,,
回收机器人,0,card4,5,0,0,1,5,,AfterMinionDeath:Gain22WhenMechDeathOr44;,机械,随从,3;机械流;机械,,,
钴制卫士,0,card5,3,0,0,6,3,,WhenMinionSummon:GainDivineShieldWhenSummonMech;,机械,随从,1;机械流;机械流;机械;圣盾,,,
安保巡游者,0,card6,4,0,0,2,6,,AfterHurt:Summon23TauntMechOr46;,机械,随从,2;机械;召唤;嘲讽,,,
麦田傀儡,0,card7,2,0,0,2,3,,Deathrattle:Summon21MechOr42;,机械,随从,2;机械;召唤,,,
损坏的傀儡,1,card8,1,0,0,2,1,,,机械,随从,,,,
安保机器人,1,card9,1,0,0,2,3,嘲讽;,,机械,随从,,,,
卡德加,0,card10,3,0,0,2,2,,AfterMinionSummon:SummonDoubleMinionOrTribleIt;,,随从,4;特殊;中立;召唤;奇异,,,
机械蛋,0,card11,4,0,0,0,5,,Deathrattle:Summon88MechOr1616;,机械,随从,2;机械;亡语;召唤,,,
机械暴龙,1,card12,1,0,0,8,8,,,机械,随从,,,,
瘟疫鼠群,0,card13,2,0,0,2,2,,Deathrattle:SummonAttacksNumber11Beast;,野兽,随从,2;野兽;亡语;召唤,,,
老鼠,1,card14,1,0,0,1,1,,,野兽,随从,,,,
阴森巨蟒,0,card15,6,0,0,7,7,,Deathrattle:Summon2DeathrattleMinion;,野兽,随从,2;野兽;亡语;召唤,,,
骑乘迅猛龙,0,card16,2,0,0,3,2,,Deathrattle:SummonRamdom1StarMinion;,野兽,随从,2;野兽;亡语;召唤,,,
熊妈妈,0,card17,6,0,0,5,5,,WhenMinionSummon:Give55WhenSummonBeast;,野兽,随从,4;野兽流;野兽,,,
雄斑虎,0,card18,1,0,0,1,1,,Battlecry:Summon11Beast;,野兽,随从,2;野兽;召唤,,,
雌斑虎,1,card19,1,0,0,1,1,,,野兽,随从,2,,,
虚空领主,0,card20,5,0,0,3,9,嘲讽,Deathrattle:SummonThree13Demon;,恶魔,随从,2;恶魔;嘲讽;亡语;召唤,,,
虚空行者,0,card21,1,0,0,1,3,嘲讽,,恶魔,随从,2;恶魔;嘲讽,,,
灵魂杂耍者,0,card22,3,0,0,3,3,,AfterMinionDeath:Deal3DamageToRandomEnemyMinionWhenDemonDie;,,随从,4;恶魔流;恶魔流;恶魔;中立,,,
小鬼囚徒,0,card23,2,0,0,3,3,嘲讽;,Deathrattle:Summon11Demon;,恶魔,随从,2;恶魔;嘲讽;亡语;召唤,,,
小鬼首领,0,card24,3,0,0,2,4,,AfterHurt:Summon11Demon;,恶魔,随从,2;恶魔;召唤,,,
小鬼,1,card25,1,0,0,1,1,,,恶魔,随从,,,,
邪魔仆从,0,card26,1,0,0,2,1,,Deathrattle:GiveAnAllyAttack;,恶魔,随从,1;恶魔;亡语,,,
玛尔加尼斯,0,card27,5,0,0,9,7,,Aura:AllyDemonGain2Attack2Health;Aura:AllyHeroGainImmune,恶魔,随从,3;恶魔流;恶魔,,,
恐狼前锋,0,card28,1,0,0,2,2,,Aura:AdjacentMinionGein1Attack;,野兽,随从,2;野兽,,,
瑞文戴尔男爵,0,card29,5,0,0,1,7,,Aura:DouleDeathrattle;,,随从,4;亡语流;唯一;中立;亡语,,,
布莱恩·铜须,0,card30,5,0,0,2,4,,Aura:DouleBattlecry;,,随从,2;战吼流;唯一;中立;战吼,,,
阿古斯防御者,0,card31,4,0,0,2,3,,Battlecry:AdjacentMinionGain1Attack1HealthTaunt;,2;战吼;嘲讽,随从;中立,,,,
塔隆·血魔,0,card32,4,0,0,3,4,,Battlecry:EatAllAllyThenReSummon;,,随从,2;战吼;亡语;奇异;中立;召唤,,,
灵魂歌者安布拉,0,card33,3,0,0,3,4,,AfterMinionSummon:TriggerDealthrattle;,,随从,4;特殊;亡语;召唤;中立,,,
魔泉山猫,0,card34,1,0,0,1,1,,Battlecry:Create11BeastOr22;,野兽,随从,2;手牌;战吼;野兽,,,
山猫,1,card35,1,0,0,1,1,,,野兽,随从,2,,,
载人毁灭机,0,card36,2,0,0,4,3,,Deathrattle:Recall2StarMinionFromHand;,机械,随从,2;手牌;机械;亡语;召唤,,,
艾莫莉丝,0,card37,6,0,0,8,8,,Battlecry:DoubleHandMinionBody;,龙,随从,2;手牌;战吼;龙,,,
青铜传令官,0,card38,1,0,0,3,2,,Deathrattle:Create244Dragons;,龙,随从,0;龙;亡语;手牌,,,
青铜龙,1,card39,1,0,0,4,4,,,龙,随从,,,,
坎格尔的学徒,0,card40,6,0,0,3,6,,Deathrattle:SummonFirst2DeathMech;,,随从,3;机械流;机械;亡语;中立;召唤;亡语流,,,
蛮鱼斥候,0,card41,5,0,0,3,2,,Battlecry:DiscoverMinionIfYouControlMinionType;,鱼人,随从,2;鱼人;战吼,,,
寒光先知,0,card42,3,0,0,2,3,,Battlecry:PlusAlly2HealthOr4;,鱼人,随从,2;鱼人;战吼,,,
蹒跚的食尸鬼,0,card43,2,0,0,1,3,嘲讽;,Deathrattle:Deal1Or2DamageToAllMinion;,,随从,0;特殊;亡语;嘲讽;中立,,,
废旧螺栓机甲,0,card44,3,0,0,2,5,,Battlecry:AddAnAllyMech2Attack2Health;,机械,随从,2;战吼;机械,,,
青铜守卫,0,card45,3,0,0,2,1,复生;圣盾,,龙,随从,2;龙;圣盾;复生,,,
归来的勇士,0,card46,2,0,0,1,5,,AfterMinionReborn:FillHealthWhenReborn;,,随从,4,,,
白骨怨灵,0,card47,3,0,0,2,5,复生;嘲讽,,,随从,2;嘲讽;复生;中立,,,
灵魂射手,0,card48,6,0,0,7,10,,CombatStart:Deal5DemageToSelectedMinion;,野兽,随从,2;特殊;野兽;奇异,,,
月亮巨人守护者,0,card49,6,0,0,10,10,复生;圣盾,,,随从,2;圣盾;复生;中立,,,
迈克斯纳,0,card50,6,0,0,2,8,剧毒,,野兽,随从,2;剧毒;野兽,,,
毒鳍鱼人,0,card51,4,0,0,1,2,,Battlecry:GiveAnAllyMurlocPoisonous;,鱼人,随从,2;剧毒;鱼人;战吼,,,
洞穴多头蛇,0,card52,4,0,0,2,4,狂战斧,,野兽,随从,1;野兽流;野兽;狂战,,,
死神4000,0,card53,6,0,0,6,9,狂战斧,,机械,随从,1;机械流;机械;狂战,,,
猛犸人头领,0,card54,5,0,0,5,3,狂战斧,,,随从,1;中立;狂战,,,
吵吵模组,0,card55,4,0,0,2,4,磁力;圣盾;嘲讽,,机械,随从,2;圣盾;嘲讽;机械;磁力,,,
量产型恐吓机,0,card56,3,0,0,3,1,磁力;,Deathrattle:SummonThree11Mech;,机械,随从,2;亡语;召唤;机械;磁力,,,
量产型恐吓机,1,card57,3,0,1,6,2,磁力;,Deathrattle:SummonThree22Mech;,机械,随从,2,,,
微型机器人,1,card58,1,0,0,1,1,,,机械,随从,,,,
无私的英雄,0,card59,1,0,0,2,1,,Deathrattle:GiveOneOrTwoOtherAllyDivineShield;,,随从,0;中立流;中立流;亡语;圣盾;中立,,,
愤怒编织者,0,card60,1,0,0,1,1,,AfterMinionPlayed:Deal1damageToHeroAndGain22Or44;,,随从,2;中立;恶魔,,,
恩佐斯的子嗣,0,card61,2,0,0,2,2,,Deathrattle:OtherAllyGain11Or22;,,随从,0;中立;亡语,,,
人气选手,0,card62,3,0,0,4,4,,AfterMinionPlayed:IfHasBattlecryGain11Or22;,,随从,2;中立;战吼,,,
族群领袖,0,card63,3,0,0,3,3,,WhenMinionSummon:Give3Or6AttackWhenSummonBeast;,,随从,4;野兽流;中立;野兽,,,
兔妖教头,0,card64,4,0,0,4,5,,Battlecry:AddAnAllyBeast2Attack2Health;,,随从,2;中立;战吼;野兽,,,
驯兽师,0,card65,3,0,0,4,3,,Battlecry:GiveAnAllyBeast22Or44AndTaunt;,,随从,2;中立;战吼;野兽;嘲讽,,,
魔瘾结晶者,0,card66,3,0,0,5,4,,Battlecry:AllyDemonGain11Or22;,,随从,2;中立;战吼;恶魔,,,
展览馆法师,0,card67,4,0,0,4,4,,Battlecry:GiveAnRandomAllyMurlocBeastDragon22;,,随从,2;中立;混合;鱼人;野兽;龙,,,
浴火者伯瓦尔,0,card68,4,0,0,1,7,圣盾;,AfterMinionDivineShieldBroken:Plus2Or4Attack;,,随从,3;圣盾流;中立;圣盾,,,
硬壳清道夫,0,card69,5,0,0,2,3,,Battlecry:OtherAllyWithTauntGain22Or44;,,随从,2;中立;战吼;嘲讽,,,
光牙执行者,0,card70,5,0,0,2,2,,TurnEnd:GiveAllTypeRandomAlly21;,,随从,2;中立;混合,,,
金刚刃牙兽,0,card71,2,0,0,3,3,,Battlecry:PlusAllyMech2AttackOr4;,机械,随从,2;机械;战吼,,,
纳斯雷兹姆监工,0,card72,2,0,0,2,4,,Battlecry:AddAnAllyDemon2Attack2Health;,恶魔,随从,2;恶魔;战吼,,,
食腐土狼,0,card73,2,0,0,2,2,,AfterMinionDeath:Gain21WhenBeastDeathOr42;,野兽,随从,3;野兽流;野兽,,,
漂浮观察者,0,card74,4,0,0,4,4,,AfterHeroHurt:Gain22Or44AfterHeroHurt;,恶魔,随从,2;恶魔,,,
扭曲巨龙泽拉库,0,card75,5,0,0,4,12,,AfterHeroHurt:Summon66Or1212Dragon;,龙,随从,2;龙;恶魔;召唤,,,
虚空幼龙,1,card76,1,0,0,6,6,,,龙,随从,,,,
梦魇融合怪,0,card77,2,0,0,3,4,,,融合怪,随从,2;奇异;特殊,,,
融合怪,1,card78,1,0,0,1,1,,,融合怪,随从,2,,,
狼王戈德林,0,card79,5,0,0,4,4,,Deathrattle:OtherAllyBeastGain44Or88;,野兽,随从,0;野兽流;野兽;亡语,,,
鱼人猎潮者,0,card80,1,0,0,2,1,,Battlecry:Summon11Murloc;,鱼人,随从,2;鱼人;战吼;召唤,,,
鱼人斥候,1,card81,1,0,0,1,1,,,鱼人,随从,2,,,
正义保护者,0,card82,1,0,0,1,1,圣盾;嘲讽,,,随从,2;中立流;圣盾;嘲讽;中立,,,
石塘猎人,0,card83,1,0,0,2,3,,Battlecry:GiveAnAllyMurloc11Or22;,鱼人,随从,2;鱼人;战吼,,,
老瞎眼,0,card84,2,0,0,2,4,,Aura:Plus1AttackOr2ForEachMurloc;,鱼人,随从,1;鱼人流;鱼人,,,
拜格尔格国王,0,card85,5,0,0,6,3,,Battlecry:OtherAllyMurlocGain22Or44;Deathrattle:OtherAllyMurlocGain22Or44;,鱼人,随从,0;鱼人;战吼;亡语,,,
温顺的巨壳龙,0,card86,6,0,0,5,4,,Battlecry:EvolveAllAllyMurloc;,野兽,随从,2;野兽;鱼人;战吼,,,
机械动物管理员,0,card87,2,0,0,3,3,,Battlecry:GiveAnRandomAllyMurlocBeastDragon11;,机械,随从,2;机械;鱼人;野兽;龙;战吼;混合,,,
强能箭猪,0,card88,3,0,0,2,4,,Deathrattle:DealAttacksNumberDamage;,野兽,随从,1;野兽流;野兽;亡语,,,
长鬃草原狮,0,card89,4,0,0,6,5,,Deathrattle:SummonTwo22Beast;,野兽,随从,2;野兽;亡语;召唤,,,
土狼,1,card90,1,0,0,2,2,,,野兽,随从,,,,
格洛顿,0,card91,1,0,0,1,3,磁力;,,机械,随从,2;机械,,,
钢铁武道家,0,card92,4,0,0,2,2,,TurnEnd:GiveAnRandomAllyMech22Or44;,机械,随从,2;机械,,,战吼
机械袋鼠,0,card93,1,0,0,1,1,,Deathrattle:Summon11MechOr22;,机械,随从,2;机械;亡语;召唤,,,
机械袋鼠宝宝,1,card94,1,0,0,1,1,,,机械,随从,,,,
龙人军官,0,card95,1,0,0,2,3,嘲讽,,龙,随从,2;龙;嘲讽,,,
黑龙领主死亡之翼,0,card96,6,0,0,12,12,,Deathrattle:SummonAllDragonFromHand;,龙,随从,3;手牌;龙;亡语;召唤,,,
深蓝刃麟龙人,0,card97,4,0,0,5,5,,TurnEnd:GiveAnRandomAlly3Or6Attack;,龙,随从,2;龙,,,
时空破坏者,0,card98,5,0,0,4,5,,Deathrattle:Deal3Or6DamageToAllEnemy;,龙,随从,1;手牌;亡语;龙,,,
攻城恶魔,0,card99,4,0,0,5,8,嘲讽;,Aura:PlusAlly1AttackOr2;,恶魔,随从,2;恶魔;嘲讽,,,
龙人执行者,0,card100,4,0,0,3,6,,AfterMinionDivineShieldBroken:Gain22Or44AfterMinionDivineShieldBroken;,龙,随从,3;圣盾流;圣盾;龙,,,
苍绿长颈龙,0,card101,3,0,0,5,4,,Battlecry:EvolveSelfOrTwice;,野兽,随从,2;野兽;战吼,,,
湮灭战车,0,card102,3,0,0,3,4,,Deathrattle:SummonMechFromHandAndTriggerDeathrattle;,机械,随从,2;手牌;机械;亡语;召唤,,,
拉佐格尔,0,card103,3,0,0,4,4,,TurnEndInHand:Gain22Or44TurnEndInhand;,龙,随从,2;手牌;龙,,,
诺兹多姆,0,card104,4,0,0,8,8,,Deathrattle:ReturnToHand;,龙,随从,2;龙;手牌;亡语,,,
龙人使者,0,card105,3,0,0,4,5,,Deathrattle:SummonDragonFromHandAndGive22;,龙,随从,2;手牌;龙;召唤,,,
泰拉图斯,0,card106,5,0,0,12,12,,,野兽,随从,2;野兽,,,
龙语者,0,card107,4,0,0,3,5,,Battlecry:GiveDragonInHand33Or66;,,随从,2;中立;龙;手牌,,,
空军指挥官,0,card108,2,0,0,2,5,,Aura:Plus2AttackOr4ForEachDragonInYourHand;,龙,随从,1;中立;龙;手牌,,,
时间管理者,0,card109,2,0,0,3,4,,AfterSold:GiveMinionsInHand11Or22;,龙,随从,2;龙;,,,
巨型蟒蛇,0,card110,3,0,0,5,3,,Deathrattle:Recall5AttackMinionFromHand;,野兽,随从,2;手牌;野兽;亡语;召唤,,,
安尼赫兰战场军官,0,card111,5,0,0,3,1,,Battlecry:Gain1Or2HealthForEachHealthYourHEroLost;,恶魔,随从,3;战吼;恶魔,,,
鲭鱼圣者,0,card112,6,0,0,8,4,,AfterMinionDivineShieldBroken:GainDivineShieldWhenMinionDivineShieldBroken;,鱼人,随从,1;圣盾流;圣盾流;鱼人;圣盾,,,
护盾机器人,0,card113,2,0,0,2,2,圣盾,,机械,随从,2;机械;圣盾,,,
吵吵机器人,0,card114,2,0,0,1,2,圣盾;嘲讽,,机械,随从,2;机械;圣盾;嘲讽,,,
闹闹机器人,0,card115,3,0,0,3,4,圣盾;嘲讽,,机械,随从,2;机械;圣盾;嘲讽,,,
粗俗的矮劣魔,0,card116,1,0,0,2,4,嘲讽;,Battlecry:Deal2DamageToYourHero;,恶魔,随从,2;恶魔;嘲讽,,,
邪鳍导航员,0,card117,3,0,0,4,4,,Battlecry:AllyMurlocGain11Or22;,鱼人,随从,2;鱼人;战吼,,,
骸骨巨龙,0,card118,5,0,0,4,9,嘲讽;,TurnStart:Add1Or2DragonsToYourHand;,龙,随从,2;龙;嘲讽;手牌,,,
锈誓信徒,0,card119,4,0,0,3,3,,Battlecry:OtherAllyGainDeathrattleSummonDemon;,,随从,2;恶魔;战吼;中立;亡语;召唤,,,
百变泽鲁斯,0,card120,3,0,0,1,1,,TurnStartInHand:TransformToRandomMinion;,,随从,2;特殊;奇异;中立,,,
黑眼,0,card121,3,0,0,3,4,,AfterHeroHurt:Gain1Or2Coins;,恶魔,随从,2;恶魔,,,
荒疫爬行者,0,card122,5,0,0,2,4,,Deathrattle:Summon11PoisonousOr22;,机械,随从,2;亡语;机械;剧毒,,,
辐射软泥怪,1,card123,1,0,0,1,1,剧毒;,,,随从,,,,
陵墓守望者,0,card124,5,0,0,3,6,嘲讽;,Battlecry:Summon1Or2Copy;,机械,随从,2;战吼;机械;召唤;嘲讽,,,
机械保险箱,0,card125,3,0,0,4,5,嘲讽;,Deathrattle:Summon05TauntOr010;,机械,随从,2;亡语;召唤;机械;嘲讽,,,
保险柜,1,card126,1,0,0,0,5,嘲讽;,,机械,随从,,,,
慈祥的外婆,0,card127,2,0,0,1,1,,Deathrattle:Summon32BeastOr64;,野兽,随从,2;野兽;亡语;召唤,,,
大灰狼,1,card128,1,0,0,3,2,,,野兽,随从,,,,
//腐化灰熊,0,card129,2,0,0,2,2,,WhenMinionSummon:Give11Or22WhenSummonMinion;,野兽,随从,4;特殊;召唤;野兽,,,
鲜血女巫,0,card130,2,0,0,3,6,,TurnStart:Deal1DamageToYourHero;,恶魔,随从,2;特殊;恶魔,,,
//地穴领主,0,card131,2,0,0,1,6,嘲讽;,WhenMinionSummon:GainHealthWhenSummonMinion;,野兽,随从,3;特殊;野兽;召唤;嘲讽,,,
污手街惩罚者,0,card132,3,0,0,4,4,,TurnEnd:GiveHandMinion11Or22;,,随从,2;手牌;中立,,,
//高阶祭司阿门特,0,card133,5,0,0,2,7,,WhenMinionSummon:SetHealthWhenSummonMinion;,,随从,4;特殊;唯一;中立;召唤,,,
//飞刀杂耍者,0,card134,1,0,0,2,2,,WhenMinionSummon:Deal1DamageOrRepeat;,,随从,4;特殊;中立;亡语,,,
//无面潜伏者,0,card135,4,0,0,3,3,嘲讽;,Battlecry:DoubleOrTripleHealth;,,随从,2;战吼;嘲讽,,,
//分裂腐树,0,card136,5,0,0,4,4,,Deathrattle:SummonTwo22Tree;,,随从,2;特殊;亡语;召唤;中立,,,
//分裂树苗,1,card137,1,0,0,2,2,,Deathrattle:SummonTwo11Tree;,,随从,2,,,
//树枝,1,card138,1,0,0,1,1,,,,随从,,,,
软泥教授弗洛普,0,card139,6,0,0,3,4,,AfterMinionPlayedInHand:TransformTo34CopyOfMinion;,,随从,2;特殊;奇异;中立,,,
软泥教授弗洛普,1,card139,6,0,1,6,8,,AfterMinionPlayedInHand:TransformTo68CopyOfMinion;,,随从,2;特殊;奇异;中立,,,
狂野兽王,0,card140,3,0,0,3,4,,AfterFlush:BeastOnSaleGain22Or44;,野兽,随从,2;野兽;特殊,,,
夺心者卡什,0,card141,4,0,0,3,3,,Battlecry:ChooseEnemyThenReSummon;,,随从,2;战吼;亡语;中立,,,
菌菇术士,0,card142,5,0,0,2,2,,Battlecry:AdjacentMinionGain22Or44;,2;战吼;中立,随从,,,,
炮火机甲,0,card143,2,0,0,2,2,复生,,机械,随从,2;机械;复生,,,
飞翼守护者,0,card144,5,0,0,6,8,复生;嘲讽,,野兽,随从,2;野兽;复生;嘲讽,,,
铁皮恐角龙,0,card145,5,0,0,7,7,,OverKill:Summon55BeastOr1010;,野兽,随从,2;野兽;超杀;召唤,,,
铁皮小恐龙,1,card146,1,0,0,5,5,,,野兽,随从,,,,
哈多诺克斯,0,card147,6,0,0,3,7,,Deathrattle:SummonAllDeadTauntMinion;,野兽,随从,3;野兽;嘲讽;亡语;召唤,,,
寄生恶狼,0,card148,3,0,0,3,3,,Deathrattle:SummonTwo11Beast;,野兽,随从,2;野兽;亡语;召唤,,,
蜘蛛,1,card149,1,0,0,1,1,,,野兽,随从,,,,
憎恶弓箭手,0,card150,5,0,0,6,7,,Deathrattle:SummonDeadBeast;,,随从,3;野兽;亡语;召唤;中立,,,
//高级修理机器人,0,card151,4,0,0,5,5,,Battlecry:AddAnAllyMech4Health;,机械,随从,2;战吼;机械,,,
厄运鼹鼠,0,card152,1,0,0,1,3,,,野兽,随从,,,,
微型战斗机甲,0,card153,1,0,0,1,2,,TurnStart:Plus1AttackOr2;,机械,随从,2;特殊;机械,,,
//荒野行者,0,card154,3,0,0,4,4,,Battlecry:AddAnAllyBeast3Health;,,随从,2;战吼;中立;野兽,,,
疯狂的炼金师,0,card155,1,0,0,2,2,,Battlecry:ExchangeAnAllyAttackHealth;,,随从,2;战吼;中立;奇异,,,
方阵指挥官,0,card156,3,0,0,4,5,,Aura:PlusAllyWithTaunt2AttackOr4;,,随从,4;中立;嘲讽,,,
小鬼妈妈,0,card157,6,0,0,6,10,,AfterHurt:Summon1Or2DemonAndGiveItTaunt;,恶魔,随从,2;恶魔;召唤;嘲讽,,,
鱼人木乃伊,0,card158,1,0,0,1,1,复生,,鱼人,随从,2;鱼人;复生,,,
夜色镇执法官,0,card159,3,0,0,3,3,,WhenMinionSummon:GiveDivineShieldWhenSummonMinion;,,随从,4;特殊;召唤;中立;圣盾,,,
载人收割机,0,card160,3,0,0,4,3,,Deathrattle:SummonRamdom2StarMinion;,机械,随从,2;机械;亡语;召唤,,,
载人飞天魔像,0,card161,4,0,0,6,4,,Deathrattle:SummonRamdom3StarMinion;,机械,随从,2;机械;亡语;召唤,,,
//青玉魔像,1,card162,1,0,0,0,0,,,,随从,2,,,
//青玉巨兽,0,card163,4,0,0,3,6,嘲讽,Battlecry:Summon1Or2JadeGloem;,,随从,2;战吼;中立;青玉;特殊;嘲讽,,,
//青玉游荡者,0,card164,1,0,0,1,1,,Deathrattle:Summon1Or2JadeGloem;,,随从,2;亡语;中立;青玉;特殊,,,
//青玉之灵,0,card165,2,0,0,2,3,,Battlecry:Summon1Or2JadeGloem;,,随从,2;战吼;中立;青玉;特殊,,,
//艾雅·黑掌,0,card166,6,0,0,5,3,,Battlecry:Summon1Or2JadeGloem;Deathrattle:Summon1Or2JadeGloem;,,随从,2;战吼;亡语;中立;青玉;特殊,,,
流放者奥图里斯,0,,6,0,0,6,4,,AfterMinionSummon:Deal1Or2DamageToAllEnemyIfOutCast;,恶魔,随从,4;恶魔;召唤,,,
,,,,,,,,,,,,,,,
英雄,1,,0,1,0,0,30,,,,英雄,,,,进行一局游戏后解锁
探险家伊莉斯,0,,0,2,0,0,30,,HeroPower:DiscoverAMinionNotInCardPile,,英雄,,,,
观星者露娜,0,,0,-1,0,0,30,,TurnEnd:GiveAlly11IfDifferentStar;,,英雄,,,,
砰砰博士,0,hero1,0,4,0,0,30,,HeroPower:UpdateYourInn;AfterUpgrade:BanHeroPowerWhenUpdateto6;,,英雄,,,,
狗头人国王托瓦格尔,0,hero2,0,-1,0,0,30,,AfterBoughtMinion:FlushYourInn;,,英雄,,,,
虚空之影瓦莉拉,0,hero3,0,-1,0,0,30,,GameStart:AddAShadowToHand;,,英雄,,,,
暗影映像,1,card167,1,0,0,1,1,,AfterMinionPlayedInHand:TransformToACopyOfMinion;,,随从,,,,
尤格萨隆,0,hero5,0,2,0,0,30,,HeroPower:RandomlyAddMinionOnSaleToYouHand;,,英雄,,,,
火车王里诺艾,0,hero6,0,-1,0,0,30,,TurnStart:Add11DragonToYouHandIfLost;,,英雄,,,,
雏龙,1,card168,1,0,0,1,1,,,龙,随从,,,,
雷诺·杰克逊,0,hero8,0,-1,0,0,30,,CombatStart:RandomDealDamageByConter;AfterUpgrade:UpdateCounter0,,英雄,,,,
贸易大王加里维克斯,0,hero9,0,-1,0,0,30,,TurnEnd:GainCoinsForEachLeftCois;,,英雄,,,,
艾德温·范克里夫,0,hero10,0,1,0,0,30,,HeroPower:Give11ForEachMinionBoughtThisTurnToSelectedMinion;,,英雄,,,,
老蓟皮,0,hero11,0,-1,0,0,20,,Aura:MurlocHeroPower;,,英雄,Boss;,,,
银背族长,0,hero12,0,-1,0,0,20,,Aura:BeastHeroPower;,,英雄,Boss;,,,
提里奥·弗丁,0,hero13,0,1,0,0,30,,HeroPower:AllyGeneralGain11;,,英雄,Boss;,,,
米尔菲斯·法力风暴,0,hero14,0,-1,0,0,30,,Aura:PlusAllyMech2Attack;,,英雄,Boss;,,,
加拉克苏斯大王,0,hero15,0,-1,0,0,30,,AfterMinionDeath:Deal2DamageToRandomEnemyMinionWhenDemonDie;,,英雄,Boss;,,,
Dr.Boom,0,hero16,0,-1,0,0,30,,Aura:GiveFirstMinionTaunt;,,英雄,Boss;,,,
馆长,0,hero17,0,-1,0,0,30,,Aura:AllyGainAllMinionType;,,英雄,Boss;,,,
夺旗,0,treasure1,0,0,0,0,0,被动;,Aura:AllyGain11,,法术,宝藏;,,,
晶化宝石,0,treasure2,0,0,0,0,0,被动;,GameStart:AddMainCoin,,法术,宝藏;,,,
活力药水,0,treasure3,0,0,0,0,0,被动;,GameStart:DoubleYourHeroHealth,,法术,宝藏;,,,
希望药剂,0,treasure4,0,0,0,0,0,被动;,CombatStart:EvolveAllAlly,,法术,宝藏;,,,
凯尔萨斯的王冠,0,treasure5,0,0,0,0,0,被动;,Aura:EveryThirdMinionYouBoughtCost0,,法术,宝藏;唯一,,,
//高级调酒师,0,treasure6,0,0,0,0,0,被动;,AfterUpgrade:Reduce2CostOfUpgrade,,法术,宝藏;,,,
//融合实验,0,treasure7,0,0,0,0,0,被动;,Aura:AllyGainAllMinionType,,法术,宝藏;唯一,,,
哈卡莱血祭杯,0,treasure8,0,0,0,0,0,被动;,GameStart:Always7MinionsOnSale,,法术,宝藏;唯一,,,
//馆长的收藏品,0,treasure9,0,0,0,0,0,被动;,GameStart:Summon2FusionMoster,,法术,宝藏;,,,
//人才招募计划,0,treasure10,0,0,0,0,0,被动;,TurnStart:CreateRandomMinion,,法术,宝藏;,,,
//超级加倍,0,treasure11,0,0,0,0,0,被动;,AfterUpgrade:DiscoverAnotherTreasure,,法术,宝藏;唯一,,,
舒筋活络,0,,0,0,0,0,0,被动;,AfterHeroHurt:HealHero1,,法术,宝藏,,,
集结号角,0,treasure13,0,0,0,0,0,被动;,AfterBoughtMinion:AddNewMinionAndGain11,,法术,宝藏;唯一,,,
荆棘外壳,0,treasure14,0,0,0,0,0,被动;,GameStart:YourHeroGain2Attack,,法术,宝藏;,,,
起源图腾,0,treasure15,0,0,0,0,0,被动;,AfterFlush:GiveRandomAlly11,,法术,宝藏,,,
鲍（阴）,0,treasure16,0,0,0,0,0,被动;,AfterMinionSold:YourNextCostOfBuyMinionReduce1,,法术,宝藏;唯一,,,
勃（阳）,0,treasure17,0,0,0,0,0,被动;,AfterBoughtMinion:YourNextCoinGainOfSellMinionAdd1,,法术,宝藏;唯一,,,
//能量之泉,0,,0,0,0,0,0,被动;,GameStart:DoubleYourTreasures,,法术,宝藏;唯一,,,
//三个愿望,0,treasure2,0,0,0,0,0,被动;,AfterUpgrade:GetAWish,,法术,宝藏;,,,
一袋铸币,0,treasure18,0,0,0,0,0,主动;,SpellEffect:FullYourHandWithCoins,,法术,宝藏;,,,
商店兑换券,0,treasure19,0,0,0,0,0,主动;,SpellEffect:AddAllMinionOnSaleToYouHand,,法术,宝藏;,,,
//召唤援军,0,,0,3,0,0,0,主动;,SpellEffect:Summon88,,法术,宝藏;,,,
//忠实护卫,1,,1,0,0,8,8,,,,随从,,,,
//一个愿望,0,treasure2,0,0,0,0,0,主动;,SpellEffect:GetAWonderfulCard,,法术,,,,
三连奖励1星,0,bonus,0,0,0,0,0,,SpellEffect:Discover1StarMinion,,法术,,,,
三连奖励2星,0,bonus,0,0,0,0,0,,SpellEffect:Discover2StarMinion,,法术,,,,
三连奖励3星,0,bonus,0,0,0,0,0,,SpellEffect:Discover3StarMinion,,法术,,,,
三连奖励4星,0,bonus,0,0,0,0,0,,SpellEffect:Discover4StarMinion,,法术,,,,
三连奖励5星,0,bonus,0,0,0,0,0,,SpellEffect:Discover5StarMinion,,法术,,,,
三连奖励6星,0,bonus,0,0,0,0,0,,SpellEffect:Discover6StarMinion,,法术,,,,
铸币,0,coin,0,0,0,0,0,,SpellEffect:Gain1Coin,,法术,,,,
,,,,,,,,,,,,,,,
,,,,,,,,,,,,,,,
,,,,,,,,,,,,,,,
